voterId,prefix,firstName,middleName,lastName,address,parish,gender,dateofBirth,telephone,occupation,maritalStatus,mothersMaidenName,placeofBirth,mothersPlaceofBirth,constituencyId
8473840,Mr,Charlie,Rylie,Moore,Street Road,St. Catherine,Male,13/12/1997,658-295-5261,Chef,Married,Richard,St. Catherine,St. James,38
2840493,Mr,Robert,Joseph,Ferguson,Eagle Road,St. Catherine,Male,26/04/1993,876-474-3111,Architect,Single,Barry,St. Catherine,St. Mary,42
3847043,Mr,Kevin,Byron,Edwards,River Road,St. Mary,Male,12/02/1987,876-237-8633,Meteorologist,Single,Bradley,Westmoreland,St. Mary,43
3404830,Mr,Abraham,Murphy,Hamilton,8th Avenue,St. Ann,Male,22/01/1974,658-295-2976,Unemployed,Single,Bishop,St. Ann,Kingston,24
3473943,Mr,Lucas,Elijah,Wells,Cherry Street,St. Thomas,Male,05/05/1992,658-295-8034,Social Worker,Single,Harvey,St. Thomas,Portland,51
3408473,Mr,Wilson,Zion,Hamilton,Linden Street,Kingston,Male,29/12/1997,876-813-2091,Mathematician,Single,Mejia,Kingston,Kingston,61
9549484,Mrs,Chelsea,Naomi,Howard,B Street,St. Andrew,Female,11/07/2000,876-291-2950,Chemist,Married,Johnson,St. Andrew,St. Andrew,46
3498474,Mr,Thomas,Kent,Cunningham,Evergreen Drive,St. Thomas,Male,28/07/1970,876-667-0029,Programmer,Single,Rollins,St. Thomas,St. Thomas,49
4434355,Mr,Frederick,Joseph,Martin,Summit Avenue,St. Thomas,Male,19/09/1990,876-221-8514,Fine Artist,Single,Nicholson,St. Thomas,St. Thomas,49
4356456,Mr,John,Bree,Cameron,Dogwood Drive,Manchester,Male,12/03/1970,658-295-6460,Unemployed,Married,Maddox,Kingston,Manchester,23
6776765,Mr,Leonardo,Glenn,Adams,Buckingham Drive,St Catherine,Male,10/06/1990,658-295-0562,Unemployed,Single,Knox,Hanover,St Catherine,38
5667555,Mr,Preston,Rose,Ross,Schoolhouse Lane,St. Mary,Male,24/01/1967,876-547-0068,Unemployed,Single,Barrera,St. Mary,St. Mary,44
5675709,Mrs,Victoria,Benjamin,West,9th Street West,Kingston,Female,22/12/1964,658-295-5867,Photographer,Married,Dillon,Kingston,Westmoreland,61
9854754,Mr,Dexter,Grey,Wells,Park Avenue,Kingston,Male,04/10/1997,658-295-3058,Pharmacist,Married,Boyd,Kingston,St. Ann,62
9785456,Mr,Edgar,Tanner,Carter,New Street,Kingston,Male,12/04/1977,658-295-6149,Interpreter,Married,Morrison,Kingston,Manchester,60
4555654,Ms,Lydia,Rylie,Thompson,Redwood Drive,Kingston,Female,03/08/1973,658-295-1508,Auditor,Single,Bryant,St. James,Kingston,60
9547545,Mr,Chester,Trey,Morris,Front Street North,Hanover,Male,06/06/1972,658-295-4690,Unemployed,Single,Cain,Hanover,Hanover,5
4574567,Mr,Ned,Eli,Gray,Inverness Drive,Westmoreland,Male,19/04/1984,658-295-7810,Unemployed,Married,Bond,Westmoreland,Hanover,8
5643344,Mr,James,Ellory,Nelson,2nd Street,St. Thomas,Male,24/11/1979,876-223-0989,Unemployed,Single,Drake,St. Thomas,St. Thomas,51
5450805,Mr,Edwin,Carelyn,Turner,Penn Street,Westmoreland,Male,04/09/1997,658-295-2023,Unemployed,Single,Hammond,Westmoreland,St. Thomas,7
5874954,Ms,Miranda,Drew,Ryan,Meadow Street,Westmoreland,Female,29/09/1980,658-295-3813,Chef,Single,Nolan,Westmoreland,Westmoreland,6
8957504,Mrs,Michelle,Jolee,Wilson,Jefferson Avenue,Hanover,Female,17/07/1960,876-999-8628,Producer,Married,Tate,Hanover,Hanover,5
5456345,Mr,Kelvin,Irene,Ferguson,Forest Street,Trelawny,Male,23/10/1992,658-295-2280,Producer,Married,Burke,St. Catherine,Trelawny,16
6796556,Mr,Lucas,Damon,Owens,Augusta Drive,St. Ann,Male,10/05/1971,658-295-4545,Biochemist,Single,Farley,St. Ann,St. Ann,26
6765565,Mrs,Fiona,Orlando,Andrews,Washington Avenue,St. Catherine,Female,05/09/1998,658-295-0023,Actor,Married,Nunez,Portland,St. Catherine,36
5856895,Mr,Robert,Blake,Mason,Cedar Avenue,Kingston,Male,08/05/1970,876-810-8243,Lawer,Single,Cherry,Kingston,Kingston,61
9806765,Ms,Alissa,Dex,Cooper,Oxford Road,Kingston,Female,22/09/1982,658-295-5983,Social Worker,Single,Savage,St. Catherine,Kingston,62
5674435,Mr,Dale,Gregory,Hill,Route 29,Kingston,Male,15/03/1980,876-506-2871,Fashion Designer,Married,Fox,Kingston,Kingston,60
4373434,Ms,Vanessa,Jackson,Harrison,Liberty Street,Manchester,Female,20/01/1984,658-295-0712,Fashion Designer,Single,Carney,Manchester,Manchester,22
1522354,Mr,Chester,Clark,Cole,Devon Road,Westmoreland,Male,27/04/1995,658-295-2872,Engineer,Married,Gentry,Manchester,Westmoreland,8
3469837,Mr,Nicholas,Garrison,Phillips,Grant Street,Hanover,Male,20/06/1978,658-295-9728,Graphic Designer,Married,Leonard,Hanover,Hanover,4
9586566,Mrs,Sabrina,Kathryn,Jones,Route 32,Manchester,Female,05/08/1971,876-649-3011,Social Worker,Single,Thompson,Manchester,Manchester,2
4432212,Mr,Aldus,Cash,Watson,6th Avenue,St. Mary,Male,25/03/1971,658-295-0745,Pharmacist,Married,Everett,St. Mary,St. Mary,45
1234556,Ms,Amy,Lane,Elliott,Aspen Court,Portland,Female,23/02/1989,658-295-7494,Electrician,Single,Armstrong,St. Mary,St. Ann,48
3633233,Mr,Miller,Naveen,Murphy,10th Street,Portland,Male,16/10/1986,876-221-5584,Historian,Married,Rowe,Portland,St. Catherine,48
5236476,Mr,Preston,Fernando,Brown,Briarwood Court,Portland,Male,17/04/2000,658-295-8230,Unemployed,Single,Silva,Portland,Trelawny,48
5473087,Mr,Haris,Love,Stevens,Main Street South,Portland,Male,05/08/1960,876-517-3711,Chef,Single,Mooney,Portland,Kingston,50
5409465,Ms,Catherine,Shane,Kelly,Brookside Drive,St Thomas,Female,06/08/1965,658-295-2663,Scientist,Single,Jackson,St Thomas,St. Andrew,49
8964954,Mr,Aston,Avery,Hawkins,Glenwood Avenue,St. Andrew,Male,06/06/1973,658-295-5114,Geologist,Married,Travis,St. Andrew,St. Andrew,47
4375758,Ms,Briony,Lydon,Casey,Spring Street,St. Catherine,Female,05/05/1997,876-825-6854,Salesman,Single,Doyle,St. Catherine,St. Catherine,39
2456477,Mr,Adison,Tristan,Miller,Bayberry Drive,St. Thomas,Male,10/05/1962,876-313-1010,Unemployed,Single,Bishop,St. Thomas,St. Thomas,49
3590876,Mr,Carlos,Coralie,West,Bridle Lane,Kingston,Male,06/10/1993,658-295-1387,Meteorologist,Single,Glass,Kingston,Kingston,62
8946967,Mr,David,Daniel,Campbell,Buttonwood Drive,St. Andrew,Male,22/03/1989,658-295-1335,Interpreter,Married,Bolton,St. Andrew,St. Andrew,56
4644356,Mr,Thomas,Annora,Martin,Maple Street,Portland,Male,19/05/1976,876-649-5549,Unemployed,Married,Harris,Portland,Portland,48
8754686,Mr,Kevin,Brandt,Owens,Route 9,Portland,Male,20/12/1967,876-300-5951,Unemployed,Married,Richmond,Portland,Portland,50
4765845,Ms,Lucy,Georgina,Carter,Hill Street,St. Ann,Female,06/01/1968,658-295-4152,Graphic Designer,Single,Jarvis,St. Ann,St. Ann,27
8746686,Mr,Alan,Daniel,Mason,Beech Street,St. Mary,Male,09/02/1972,876-221-0761,Programmer,Married,Clayton,St. Mary,St. Mary,45
6446356,Mr,Oliver,Kent,Holmes,2nd Street East,Manchester,Male,23/01/1970,876-506-1178,Florist,Single,Blackburn,Manchester,Manchester,2
1347689,Mrs,Annabella,Ray,Farrell,Bridle Court,Manchester,Female,02/07/1965,658-295-3555,Mathematician,Married,Fischer,Manchester,Manchester,20
1573284,Mr,Wilson,Vivian,Morgan,3rd Street North,Westmoreland,Male,16/11/1983,876-290-2989,Manager,Single,Parsons,Westmoreland,Westmoreland,7
1863494,Mrs,Lana,Jane,Nelson,Main Street North,Trelawny,Female,14/11/1978,658-295-8686,Journalist,Married,Yang,Trelawny,St. James,16
1974364,Ms,Aida,Aaron,Harris,Route 17,Trelawny,Female,01/09/1978,658-295-6349,Graphic Designer,Single,Rivas,Trelawny,St. Andrew,16
2973474,Mrs,Kelsey,Ellen,Roberts,Railroad Street,Trelawny,Female,02/10/1968,658-295-8486,Social Worker,Married,Benjamin,Trelawny,Westmoreland,16
2873404,Mr,Jacob,Raven,Russell,Adams Avenue,Trelawny,Male,11/11/1960,658-295-9951,Historian,Married,Fletcher,Trelawny,Trelawny,17
1984505,Ms,Eleanor,Emerson,Parker,Bay Street,Trelawny,Female,14/09/1971,876-238-1229,Unemployed,Single,Levine,Trelawny,St. Mary,17
1000004,Mr,Ted,Clementine,Clark,8th Street,St. James,Male,18/11/1965,658-295-6397,Jeweller,Married,Mills,St. James,Manchester,14
1984378,Mr,Clark,Elein,Morrison,Orange Street,St. James,Male,28/03/1999,658-295-1951,Social Worker,Single,Mccoy,St. James,St. James,15
2198734,Mrs,Michelle,William,Gibson,Central Avenue,Westmoreland,Female,27/05/1985,876-226-7730,Salesman,Married,Jarvis,Westmoreland,Portland,7
2804734,Mrs,Alexia,Dawn,Martin,Ridge Road,Kingston,Female,28/12/1978,658-295-5522,Photographer,Married,Chandler,Kingston,Kingston,62
3834722,Mr,Byron,Amity,Evans,James Street,Kingston,Male,08/01/1986,876-237-6053,Manager,Married,Rose,Kingston,St. Catherine,62
3872649,Mrs,Stella,Georgina,Hunt,Jefferson Court,Kingston,Female,13/04/1967,876-888-7591,Photographer,Married,Griffin,Kingston,Kingston,62
4863529,Ms,Stella,Doran,Taylor,Aspen Drive,St. Andrew,Female,26/02/1984,658-295-0405,Firefighter,Single,Haley,St. Andrew,St. Andrew,55
1672484,Mrs,Natalie,Rayleen,Thomas,Charles Street,St. Thomas,Female,02/02/1973,658-295-1588,Hairdresser,Married,Webb,St. Thomas,St. Thomas,51
1974383,Ms,Darcy,Ellice,Wright,Pearl Street,Portland,Female,06/02/1962,876-291-9475,Scientist,Single,Duran,Portland,Portland,50
1235324,Mr,Sawyer,Hollyn,Harrison,Old York Road,St. Ann,Male,03/12/1969,658-295-6330,Hairdresser,Single,Horne,St. Ann,St. Ann,24
1974853,Mr,Ashton,Dante,Miller,Hillside Avenue,Kingston,Male,25/11/1977,658-295-4508,Police Officer,Single,Hinton,Kingston,Kingston,60
1749305,Mr,Jack,Brandt,Reed,2nd Avenue,Kingston,Male,04/11/1976,658-295-2740,Fashion Designer,Married,Wilkerson,Kingston,Kingston,60
4622184,Mr,Edwin,Clementine,Davis,Olive Street,Westmoreland,Male,03/05/1978,658-295-5759,Cook,Single,Macias,Westmoreland,Westmoreland,7
2657348,Ms,Honey,Rene,Stewart,Cardinal Drive,Manchester,Female,13/07/1985,658-295-8736,Insurer,Single,Osborn,Manchester,Manchester,2
1939844,Mr,Sawyer,Elodie,Taylor,Windsor Court,Manchester,Male,26/12/1976,658-295-6845,Economist,Single,Davenport,Manchester,Manchester,20
6163845,Ms,Jenna,Hope,Ryan,Summit Street,Manchester,Female,08/06/1983,658-295-9029,Teacher,Single,Wolfe,Manchester,Manchester,23
9736850,Mr,Ashton,Blayne,West,Orchard Avenue,St. Thomas,Male,14/02/1965,876-337-7916,Photographer,Single,Bradshaw,St. Thomas,St. Thomas,49
5463355,Mr,Eddy,Brighton,Reed,Pennsylvania Avenue,St. Mary,Male,24/08/1964,658-295-5309,Baker,Single,Taylor,St. Mary,St. Mary,44
3231324,Mr,Paul,Dawn,Henderson,High Street,St. Catherine,Male,21/07/1984,658-295-1314,Unemployed,Married,Mclean,St. Catherine,St. Catherine,37
3626945,Mr,Roman,Candice,Henderson,Crescent Street,St. Catherine,Male,09/07/1990,658-295-3009,Salesman,Single,Gutierrez,St. Catherine,St. Catherine,41
1634785,Mrs,Adelaide,Gwendolen,Ryan,Beechwood Drive,St. Catherine,Female,05/09/1966,658-295-7809,Physicist,Married,Bryant,St. Catherine,St. Catherine,35
9827434,Mr,Fenton,Evony,Craig,Cooper Street,Trelawny,Male,03/04/1997,658-295-1482,Unemployed,Single,Hensley,Trelawny,Trelawny,17
4265311,Mr,Adam,Byron,Roberts,Roberts Road,St. James,Male,15/06/1968,658-295-7573,Electrician,Single,Knox,St. James,St. James,11
4163264,Mr,Freddie,Brandt,Morris,School Street,St. James,Male,12/02/1993,658-295-8468,Interpreter,Single,Wilcox,St. James,St. James,12
7823975,Ms,Adelaide,Kathryn,Brown,Manor Drive,St. Ann,Female,28/12/1988,658-295-2205,Driver,Single,Ayers,St. Ann,St. Ann,24
2546344,Ms,Agata,Dominick,Alexander,Berkshire Drive,Portland,Female,01/08/1988,876-919-5537,Unemployed,Single,Chase,Portland,Portland,50
3285355,Mr,Luke,Francis,Richardson,Park Drive,Kingston,Male,05/03/1995,658-295-0425,Salesman,Married,Miles,Kingston,Kingston,61
3903795,Mr,Dainton,Kaitlin,Warren,Route 100,St. Andrew,Male,12/10/1984,876-322-6472,Baker,Married,Oneill,St. Andrew,St. Thomas,58
1532543,Mrs,Sophia,Aryn,Bailey,Linden Avenue,St. Andrew,Female,13/05/1985,658-295-7306,Social Worker,Married,Lewis,St. Andrew,Portland,63
9854796,Ms,Kimberly,Madeleine,Riley,Laurel Lane,St. Andrew,Female,03/05/1980,876-443-4885,Archeologist,Single,Wilkerson,St. Andrew,Hanover,65
8635685,Mr,Daniel,Noel,Campbell,Country Club Road,St. Andrew,Male,25/06/1991,658-295-9285,Medic,Single,Gamble,St. Andrew,St. Andrew,54
8276535,Mr,Jordan,Candice,Wells,John Street,Hanover,Male,29/08/1984,658-295-5333,Auditor,Married,Werner,Hanover,Hanover,4
1236487,Mr,Wilson,Cameron,Chapman,Garden Street,Manchester,Male,23/10/1977,658-295-5971,Chef,Single,Roberts,Manchester,Manchester,2
7237862,Mr,Stuart,Ellison,Cooper,5th Street,Hanover,Male,26/04/1996,658-295-2796,Auditor,Single,Hutchinson,Hanover,Hanover,4
5725443,Ms,Melanie,Reagan,Dixon,Morris Street,Manchester,Female,07/05/1964,658-295-9580,Historian,Single,Nash,Manchester,Westmoreland,20
7937863,Ms,Sophia,Miriam,Holmes,Clay Street,St. James,Female,02/02/1994,658-295-7799,Lecturer,Single,Figueroa,St. James,St. Mary,13
8625722,Mr,Adam,Cody,Warren,Hillcrest Drive,St. James,Male,25/12/1972,658-295-5838,Veterinarian,Single,Bentley,St. James,St. Thomas,15
7346892,Ms,Ada,Annora,Crawford,Lantern Lane,Portland,Female,01/03/1981,658-295-1474,Meteorologist,Single,Hester,Portland,Manchester,50
2536633,Mr,Dale,Preston,Tucker,Cottage Street,St. Mary,Male,31/08/1996,658-295-0406,Unemployed,Married,Downs,St. Mary,St. Thomas,45
3466311,Mrs,Tess,Reagan,Ferguson,Route 64,St. Mary,Female,19/09/1977,658-295-9712,Social Worker,Married,Melton,St. Mary,St. Ann,45
1563625,Mrs,Miranda,Elodie,Baker,Clark Street,St. Mary,Female,21/01/1999,658-295-9642,Chef,Married,Rivera,St. Mary,St. Mary,44
8752355,Mrs,Briony,Trey,Warren,Amherst Street,Kingston,Female,19/12/1964,658-295-7083,Economist,Married,Wheeler,Kingston,Kingston,61
3426365,Mr,Lyndon,Sutton,Hamilton,Locust Street,Kingston,Male,12/05/1985,876-246-2080,Unemployed,Married,David,Kingston,Kingston,60
2524363,Mrs,Agata,Harriet,Watson,Chestnut Avenue,St. Catherine,Female,27/08/1966,658-295-8888,Manager,Married,House,St. Catherine,St. Catherine,35
7548645,Mr,Andrew,Sutton,Bennett,Monroe Street,St. Catherine,Male,05/05/1978,658-295-1166,Electrician,Single,Crawford,St. Catherine,St. Catherine,35
9685674,Ms,Tess,Jae,Stevens,Ridge Avenue,St. Thomas,Female,12/07/1962,876-227-8582,Accountant,Single,Hubbard,St. Thomas,St. Thomas,51
1322459,Mrs,Ada,Gwendolen,Mason,Mill Street,Trelawny,Female,30/06/1988,876-509-2247,Composer,Married,Hooper,Trelawny,Trelawny,17
1765466,Ms,Abigail,Elodie,Hamilton,Bank Street,Trelawny,Female,14/08/1986,876-507-0523,Police Officer,Single,Duffy,Trelawny,Trelawny,17
1113246,Mrs,Michelle,Varian,Alexander,Front Street,St. James,Female,24/01/1966,876-565-4397,Electrician,Married,Gross,St. James,St. James,12
3134491,Mr,Alen,Doran,Harrison,Union Street,St. Ann,Male,13/09/1964,658-295-5357,Graphic Designer,Married,Chung,St. Ann,St. Ann,27
1098779,Mr,Jordan,Vernon,Ferguson,Sherwood Drive,St. Ann,Male,24/01/1995,658-295-2263,Programmer,Married,Colon,St. Ann,St. Ann,27
7178094,Mr,Alan,Elodie,Scott,6th Street West,St. Elizabeth,Male,22/05/1985,658-295-6038,Social Worker,Single,Young,St. Elizabeth,St. Elizabeth,10
2915457,Ms,Naomi,Brett,Williams,Hartford Road,Portland,Female,02/04/1988,876-287-1270,Auditor,Single,Odonnell,Portland,Portland,48
5931098,Mr,Lenny,Charles,Murphy,Woodland Avenue,Manchester,Male,11/03/1997,658-295-3175,Unemployed,Single,Dudley,Manchester,Manchester,22
2301736,Mrs,Belinda,Brooke,Robinson,Jackson Avenue,St. Catherine,Female,16/03/1978,658-295-0523,Auditor,Married,Bruce,St. Catherine,St. Catherine,38
8603947,Ms,Rubie,Jaidyn,Jones,Sycamore Drive,St. Catherine,Female,13/10/1983,658-295-9817,Meteorologist,Single,Charles,St. Catherine,St. Catherine,42
4953021,Mr,Bruce,Juan,Wells,Park Street,Kingston,Male,28/10/1989,658-295-6637,Astronomer,Married,Frye,Kingston,Kingston,61
7844395,Mr,Sam,Rebecca,Wright,Highland Drive,Kingston,Male,11/09/1998,876-778-4863,Scientist,Single,Hays,Kingston,Kingston,61
6273494,Mrs,Tara,Hollyn,Cameron,Fawn Court,Kingston,Female,20/04/1996,876-666-5475,Cook,Married,Vaughan,Kingston,Kingston,62
8634785,Mr,Eric,Ellen,Montgomery,Adams Street,Kingston,Male,31/05/1985,658-295-9838,Jeweller,Single,Trujillo,Kingston,Kingston,60
9875386,Mrs,Darcy,Coralie,Jones,Sherman Street,Kingston,Female,01/01/1974,876-266-1646,Engineer,Married,Sanchez,Kingston,Kingston,60
7855454,Mr,William,Aryn,Brooks,7th Street,Kingston,Male,21/02/1997,658-295-3291,Baker,Married,Dixon,Kingston,Kingston,61
7857854,Mr,Blake,Leonie,Ferguson,Creekside Drive,Kingston,Male,01/05/1983,658-295-3891,Hairdresser,Single,Durham,Kingston,Kingston,62
9849853,Mr,Adison,Orlando,Andrews,Marshall Street,Kingston,Male,15/11/1992,876-228-0886,Mathematician,Single,French,Kingston,Kingston,62
3478597,Mr,Albert,Evony,Montgomery,Tanglewood Drive,Kingston,Male,02/05/1966,658-295-9945,Hairdresser,Married,Stevenson,Kingston,Kingston,61
2485454,Mr,Adison,Byron,Parker,7th Avenue,St. Andrew,Male,04/02/1973,876-294-3475,Baker,Married,Kaiser,St. Andrew,St. Andrew,63
3864843,Mr,Reid,Blake,Roberts,Main Street East,St. Catherine,Male,03/03/1973,658-295-7652,Accountant,Single,Welch,St. Catherine,St. Catherine,41
1867487,Ms,Melissa,Eli,Anderson,White Street,St. Catherine,Female,02/08/1960,876-503-8808,Physicist,Single,Stafford,St. Catherine,St. Catherine,37
7526574,Mr,James,Amelia,Roberts,Columbia Street,St. Elizabeth,Male,13/10/1999,658-295-6607,Salesman,Married,Rodgers,St. Elizabeth,St. Elizabeth,18
9843674,Mr,James,Evelyn,Richardson,Cobblestone Court,St Thomas,Male,03/02/1962,658-295-4893,Lawyer,Single,Mcclure,St Thomas,St Thomas,51
1894784,Mr,Blake,Berlynn,Barnes,Heritage Drive,St. Ann,Male,16/01/1971,876-499-2671,Architect,Married,Haley,St. Ann,St. Ann,25
1984784,Mr,Eric,Chase,Turner,5th Street East,St. James,Male,03/05/1962,876-227-3256,Lawer,Single,Waters,St. James,St. James,11
1673476,Mrs,Miley,Mae,Kelley,Victoria Court,St. Ann,Female,19/08/1970,876-799-0669,Unemployed,Married,Bush,St. Ann,St. Ann,27
4765244,Mrs,Darcy,Gwendolen,Mitchell,Creek Road,St. Ann,Female,30/10/1978,658-295-2867,Lawer,Married,Maynard,St. Ann,St. Ann,26
1648690,Mr,Walter,Matilda,Kelley,College Avenue,Westmoreland,Male,25/11/1983,876-666-2510,Mathematician,Single,Combs,Westmoreland,Westmoreland,8
1089797,Mrs,Audrey,Mae,Bennett,North Avenue,Manchester,Female,30/05/1990,658-295-3935,Jeweller,Married,Clayton,Manchester,Manchester,23
7854454,Ms,Agata,Lee,Holmes,Route 6,Westmoreland,Female,23/07/1992,658-295-7718,Producer,Single,Roth,Westmoreland,Westmoreland,6
7854598,Mr,Eric,Robin,Johnston,Lexington Court,Westmoreland,Male,12/10/1995,658-295-6218,Pharmacist,Married,Richardson,Westmoreland,Westmoreland,8
8002604,Mrs,Charlotte,Krystan,Miller,Pin Oak Drive,St. James,Female,29/07/1968,876-667-1279,Meteorologist,Married,Molina,St. James,St. James,14
2949714,Mrs,Valeria,Brooke,Johnston,Lake Street,St. James,Female,01/07/1983,876-649-1167,Unemployed,Married,Soto,St. James,St. James,13
3267476,Mr,Wilson,Gwendolen,Gray,Franklin Street,St. Thomas,Male,23/01/1960,876-224-1217,Medic,Married,Hernandez,St. Thomas,St. Thomas,51
8175874,Mr,Victor,Jared,Phillips,East Avenue,St. Thomas,Male,18/05/1978,658-295-8807,Cook,Single,Colon,St. Thomas,St. Thomas,49
2264816,Mr,Carl,Krystan,Turner,Jefferson Street,St. Ann,Male,18/12/1990,658-295-0719,Salesman,Single,Diaz,St. Ann,St. Ann,24
2815454,Mr,Michael,Erin,Walker,Willow Street,St. Catherine,Male,17/08/1966,876-253-4839,Unemployed,Single,Marks,St. Catherine,St. Catherine,34
8277748,Mr,Edwin,Thomas,Thompson,Fieldstone Drive,St. Catherine,Male,18/10/1960,876-253-4620,Pharmacist,Married,Navarro,St. Catherine,St. Catherine,36
6113553,Mrs,Isabella,Isaiah,Cameron,Forest Drive,St. Catherine,Female,24/11/1968,658-295-4987,Unemployed,Married,Marsh,St. Catherine,St. Catherine,41
4063422,Ms,Elise,Marcella,Lloyd,Delaware Avenue,St. James,Female,25/05/1975,876-225-3580,Secretary,Single,Hahn,St. James,St. James,15
4438301,Mr,Adam,Claude,Elliott,Sunset Avenue,Westmoreland,Male,16/05/1995,876-229-7680,Chef,Single,Fernandez,Westmoreland,Westmoreland,8
9633741,Mr,Jacob,Matilda,Myers,Heather Lane,Trelawny,Male,13/12/1961,658-295-1163,Chef,Single,Ayala,Trelawny,Trelawny,16
3879638,Mr,Frederick,Jeremy,Thompson,12th Street East,Westmoreland,Male,14/12/1984,658-295-1588,Singer,Married,Chaney,Westmoreland,Westmoreland,8
5898021,Mr,Alexander,Leonie,Taylor,5th Street North,Hanover,Male,10/04/1972,658-295-7752,Manager,Married,Vasquez,Hanover,Hanover,5
8272482,Mr,Roman,Porter,Armstrong,Durham Court,St. Andrew,Male,23/10/1979,658-295-2748,Secretary,Married,Eaton,St. Andrew,St. Andrew,65
1657351,Mr,Preston,Brock,Howard,Warren Avenue,St. Thomas,Male,12/10/1968,876-316-8428,Hairdresser,Married,Sloan,St. Thomas,St. Thomas,49
7557189,Ms,Nicole,Sharon,Farrell,Brook Lane,St. Catherine,Female,12/06/1960,876-802-9550,Firefighter,Single,Bautista,St. Catherine,St. Catherine,39
6247332,Mr,Lenny,George,Dixon,Division Street,St. Thomas,Male,20/07/1963,658-295-0821,Carpenter,Single,Pearson,St. Thomas,St. Thomas,51
5161778,Mr,Garry,Everett,Warren,Cedar Court,St. James,Male,16/10/1984,658-295-5658,Journalist,Single,Clarke,St. James,St. James,11
2852178,Ms,Lucia,Levi,Ferguson,1st Street,St. Mary,Female,28/02/1982,658-295-2147,Agronomist,Single,Gill,St. Mary,St. Mary,43
3380366,Mr,Kelvin,Rosalind,Williams,Spruce Avenue,St. Mary,Male,28/10/1976,658-295-8318,Scientist,Single,Bowers,St. Mary,St. Mary,44
7066899,Ms,Rebecca,Coy,Walker,Jackson Street,Westmoreland,Female,07/11/1992,658-295-2015,Economist,Single,Moore,Westmoreland,Westmoreland,7
8203846,Ms,Sarah,June,Morrison,Cedar Street,St. Elizabeth,Female,20/10/1970,876-501-4291,Secretary,Single,Melendez,St. Elizabeth,St. Elizabeth,9
8243091,Mr,Stuart,Kaitlin,Cole,Depot Street,Trelawny,Male,08/08/1981,876-666-4153,Archeologist,Married,Obrien,Trelawny,Trelawny,16
6632273,Mrs,Lilianna,Michael,Wells,Riverside Drive,Kingston,Female,15/08/1979,876-301-0462,Jeweller,Married,Bright,Kingston,Kingston,61
7798308,Mrs,Mary,Coralie,Clark,Prospect Avenue,Westmoreland,Female,21/06/1967,876-432-7773,Interpreter,Married,Boyd,Westmoreland,Westmoreland,6
5183214,Mr,Walter,Judd,Owens,Monroe Drive,Westmoreland,Male,28/02/1980,658-295-7915,Hairdresser,Single,Cordova,Westmoreland,Westmoreland,6
6495900,Mr,Edwin,Blake,Clark,Devonshire Drive,Trelawny,Male,10/09/1992,658-295-5396,Actor,Single,Bradley,Trelawny,Trelawny,16
2467491,Mr,Blake,Michael,Hamilton,Woodland Road,St. James,Male,13/10/1977,658-295-6998,Engineer,Single,Wheeler,St. James,St. James,12
3833591,Mr,Nicholas,Juan,Fowler,Elm Street,St. Catherine,Male,12/09/1962,658-295-0449,Geologist,Married,Rich,St. Catherine,St. Catherine,41
1020155,Mr,Paul,Leo,Payne,Taylor Street,St. Catherine,Male,07/09/1990,876-244-5106,Composer,Married,Vaughan,St. Catherine,St. Catherine,41
3385135,Mr,Byron,Juan,Stewart,Park Place,St. Andrew,Male,24/05/1967,658-295-6897,Electrician,Married,Mejia,St. Andrew,St. Andrew,46
3165738,Mrs,Charlotte,Susannah,Hunt,Maple Avenue,St. Elizabeth,Female,08/06/1985,658-295-0931,Accountant,Married,Ryan,St. Elizabeth,St. Elizabeth,19
1258886,Ms,Amy,Chase,West,Lafayette Avenue,St. Thomas,Female,11/06/1971,658-295-3604,Unemployed,Single,Mays,St. Thomas,St. Thomas,51
2653936,Mr,Adison,Brett,West,Ridge Street,Portland,Male,13/08/1966,658-295-3831,Accountant,Married,Chase,Portland,Portland,48
9393118,Mr,Owen,Clelia,Roberts,13th Street,St. Catherine,Male,26/03/1983,658-295-8954,Medic,Married,Maddox,St. Catherine,St. Catherine,34
5298578,Mr,Jacob,Aiden,Turner,Walnut Avenue,Kingston,Male,25/11/1968,658-295-6149,Scientist,Single,Mcbride,Kingston,Kingston,61
4478771,Mrs,Tiana,Jared,Myers,Surrey Lane,Kingston,Female,08/05/1985,658-295-8003,Police Officer,Married,Haas,Kingston,Kingston,62
6616762,Ms,Agata,Cameron,Cooper,Shady Lane,Kingston,Female,23/11/1973,876-566-0878,Archeologist,Single,Horne,Kingston,Kingston,62
8839568,Ms,Miranda,Candice,Nelson,Canterbury Drive,Hanover,Female,19/06/1960,658-295-5825,Unemployed,Single,Shea,Hanover,Kingston,5
8876907,Mrs,Darcy,Brendon,Warren,Dogwood Lane,Westmoreland,Female,02/08/1963,876-508-8920,Unemployed,Married,Krueger,Westmoreland,St. James,8
9881083,Mrs,Alexia,Brandt,Roberts,11th Street,St. James,Female,09/06/2000,658-295-0606,Meteorologist,Single,Hall,St. James,St. James,14
3225570,Ms,Maria,George,Thomas,Lexington Drive,Trelawny,Female,27/02/1963,876-412-2092,Geologist,Single,Ritter,Trelawny,Trelawny,17
6889435,Mr,Dale,Ray,Chapman,Hamilton Road,St. Ann,Male,30/06/1981,876-838-2712,Lecturer,Married,Hancock,St. Ann,St. Ann,24
1332222,Mr,Lucas,Zane,Cooper,South Street,St. Ann,Male,31/03/1967,876-270-2293,Chef,Single,Tapia,St. Ann,St. Ann,24
1386631,Mr,Oscar,Oren,Stevens,Center Street,St. Mary,Male,23/09/1992,876-245-3357,Interpreter,Single,Baldwin,St. Mary,St. Mary,43
8898529,Mr,Reid,Vivian,Stewart,Church Street,Portland,Male,06/05/1973,658-295-8185,Carpenter,Single,Torres,Portland,Portland,48
8115542,Ms,Brianna,Sean,Hall,Madison Street,St. Thomas,Female,02/09/1993,876-845-5981,Meteorologist,Single,Hartman,St. Thomas,St. Thomas,49
2692308,Mrs,Annabella,Dean,Richards,Lafayette Street,Westmoreland,Female,24/08/1982,876-919-8666,Manager,Married,Rivas,Westmoreland,St. Thomas,8
1860490,Mr,Ted,Arthur,Alexander,Meadow Lane,Trelawny,Male,17/04/1985,658-295-1703,Unemployed,Married,Acosta,Trelawny,Trelawny,16
9078232,Mrs,Connie,Carlen,Wright,Canterbury Road,St. James,Female,07/04/1965,876-508-9341,Graphic Designer,Married,Arellano,St. James,St. James,15
9266448,Mr,Michael,Grey,Payne,Deerfield Drive,St. Andrew,Male,28/03/1975,658-295-0401,Cook,Single,Mckee,St. Andrew,St. Andrew,54
6820059,Mr,Alford,Rylie,Baker,Grove Avenue,St. Catherine,Male,05/02/1982,658-295-6041,Police Officer,Married,Cervantes,St. Catherine,St. Catherine,36
9699660,Mr,Preston,Sutton,Thompson,Pleasant Street,St. Catherine,Male,22/03/1968,658-295-5948,Graphic Designer,Single,Perkins,St. Catherine,St. Catherine,36
3534671,Ms,Sydney,Finn,Cameron,Poplar Street,Kingston,Female,27/12/1963,658-295-3862,Graphic Designer,Single,Aguilar,Kingston,Kingston,62
3418433,Mrs,Hailey,Jaidyn,Cole,5th Avenue,Kingston,Female,01/12/1991,658-295-0453,Producer,Married,Chapman,Kingston,Kingston,62
5939973,Ms,Stella,Dominick,Perry,Wood Street,St. Thomas,Female,01/12/1966,658-295-0575,Photographer,Single,Reid,St. Thomas,St. Thomas,51
9347982,Mr,Dainton,Aiden,Watson,Valley Road,Hanover,Male,08/04/1984,876-866-6531,Journalist,Single,Compton,Hanover,Hanover,4
1874404,Mr,Steven,Candice,Cunningham,College Street,Trelawny,Male,02/09/1993,658-295-1371,Driver,Married,Benjamin,Trelawny,Kingston,17
9733544,Ms,Jasmine,Marguerite,Stewart,Fairview Road,Westmoreland,Female,18/09/1973,658-295-9592,Carpenter,Single,Holden,Westmoreland,Hanover,6
5397881,Mrs,Sydney,Lillian,Hall,Rose Street,Kingston,Female,09/03/1983,876-283-5336,Mechanic,Married,Blake,Kingston,Kingston,61
3032442,Ms,Hailey,Miranda,Hall,Railroad Avenue,Kingston,Female,30/10/1972,658-295-9986,Interpreter,Single,Davidson,Kingston,Kingston,61
5681322,Ms,Agata,Debree,Johnson,Route 11,Kingston,Female,11/07/1987,876-424-0571,Unemployed,Single,Reed,Kingston,Manchester,62
3599780,Mr,Preston,Breean,Johnston,Hickory Street,Kingston,Male,10/08/1973,876-260-1828,Scientist,Single,Christian,Kingston,Kingston,60
9276823,Mrs,Adele,Juan,Mitchell,Route 27,Kingston,Female,17/06/1964,658-295-1112,Unemployed,Married,Curtis,Kingston,Portland,60
1653199,Ms,Nicole,Arthur,Mason,York Street,Kingston,Female,11/05/1960,658-295-1272,Secretary,Single,Lang,Kingston,Kingston,60
7093859,Ms,Vivian,Mae,Carroll,Hillcrest Avenue,Kingston,Female,07/04/1973,658-295-0281,Electrician,Single,Fowler,Kingston,St. Catherine,61
9238730,Ms,Caroline,Ellison,Baker,Route 30,Kingston,Female,07/08/1991,658-295-2088,Unemployed,Single,Murillo,Kingston,St. Catherine,61